CREATE DATABASE ventk2;

USE ventk2;

CREATE TABLE `users` (
  `user_ID` INT NOT NULL AUTO_INCREMENT,
  `username` VARCHAR(255) NOT NULL DEFAULT 'defaultUser',
  `password` VARCHAR(255) NOT NULL DEFAULT 'defaultPassword',
  PRIMARY KEY (`user_ID`),
  UNIQUE INDEX `user_ID` (`user_ID` ASC) VISIBLE);

CREATE TABLE `rooms` (
  `room_ID` INT NOT NULL AUTO_INCREMENT,
  PRIMARY KEY (`room_ID`),
  UNIQUE INDEX `room_ID` (`room_ID` ASC) VISIBLE);

CREATE TABLE `climate_zones` (
  `climate_zone_ID` INT NOT NULL AUTO_INCREMENT,
  `FK_Room` INT NOT NULL,
  PRIMARY KEY (`climate_zone_ID`),
  FOREIGN KEY (FK_Room) REFERENCES rooms(room_ID),
  UNIQUE INDEX `climate_zone_ID` (`climate_zone_ID` ASC) VISIBLE);
  
CREATE TABLE `presets` (
  `preset_ID` INT NOT NULL AUTO_INCREMENT,
  `airflow` TINYINT(10) NULL,
  `FK_User` INT NOT NULL,
  `FK_Climate_Zone` INT NOT NULL,
  PRIMARY KEY (`preset_ID`),
  FOREIGN KEY (FK_User) REFERENCES users(user_ID),
  FOREIGN KEY (FK_Climate_Zone) REFERENCES climate_zones(climate_zone_ID),
  UNIQUE INDEX `preset_ID` (`preset_ID` ASC) VISIBLE);



/*START user mock data*/
insert into users (user_ID, username, password) values (1, 'lhellicar0', 'Hellicar');
insert into users (user_ID, username, password) values (2, 'bisaq1', 'Isaq');
insert into users (user_ID, username, password) values (3, 'lelsley2', 'Elsley');
insert into users (user_ID, username, password) values (4, 'ddanielsky3', 'Danielsky');
insert into users (user_ID, username, password) values (5, 'fkersting4', 'Kersting');
insert into users (user_ID, username, password) values (6, 'ereicherz5', 'Reicherz');
insert into users (user_ID, username, password) values (7, 'etetther6', 'Tetther');
insert into users (user_ID, username, password) values (8, 'eblaxton7', 'Blaxton');
insert into users (user_ID, username, password) values (9, 'mdaubney8', 'Daubney');
insert into users (user_ID, username, password) values (10, 'kduddle9', 'Duddle');
insert into users (user_ID, username, password) values (11, 'ttumilitya', 'Tumility');
insert into users (user_ID, username, password) values (12, 'acasellib', 'Caselli');
insert into users (user_ID, username, password) values (13, 'sitzkovc', 'Itzkov');
insert into users (user_ID, username, password) values (14, 'openhaligond', 'Penhaligon');
insert into users (user_ID, username, password) values (15, 'iengalle', 'Engall');
insert into users (user_ID, username, password) values (16, 'bfreynf', 'Freyn');
insert into users (user_ID, username, password) values (17, 'lbeverg', 'Bever');
insert into users (user_ID, username, password) values (18, 'cstablerh', 'Stabler');
insert into users (user_ID, username, password) values (19, 'kgiocannonii', 'Giocannoni');
insert into users (user_ID, username, password) values (20, 'jlamplughj', 'Lamplugh');
insert into users (user_ID, username, password) values (21, 'mwhatesk', 'Whates');
insert into users (user_ID, username, password) values (22, 'mcawthornl', 'Cawthorn');
insert into users (user_ID, username, password) values (23, 'zmelhuishm', 'Melhuish');
insert into users (user_ID, username, password) values (24, 'kdunkertonn', 'Dunkerton');
insert into users (user_ID, username, password) values (25, 'sknowltono', 'Knowlton');
insert into users (user_ID, username, password) values (26, 'alaingp', 'Laing');
insert into users (user_ID, username, password) values (27, 'awatlingq', 'Watling');
insert into users (user_ID, username, password) values (28, 'lsarathr', 'Sarath');
insert into users (user_ID, username, password) values (29, 'apallesens', 'Pallesen');
insert into users (user_ID, username, password) values (30, 'bkillought', 'Killough');
insert into users (user_ID, username, password) values (31, 'llightmanu', 'Lightman');
insert into users (user_ID, username, password) values (32, 'jtomasoniv', 'Tomasoni');
insert into users (user_ID, username, password) values (33, 'gbudgeonw', 'Budgeon');
insert into users (user_ID, username, password) values (34, 'hsanneyx', 'Sanney');
insert into users (user_ID, username, password) values (35, 'sboltony', 'Bolton');
insert into users (user_ID, username, password) values (36, 'rpinningtonz', 'Pinnington');
insert into users (user_ID, username, password) values (37, 'jgilluley10', 'Gilluley');
insert into users (user_ID, username, password) values (38, 'mgarlette11', 'Garlette');
insert into users (user_ID, username, password) values (39, 'nnewcome12', 'Newcome');
insert into users (user_ID, username, password) values (40, 'dborsnall13', 'Borsnall');
insert into users (user_ID, username, password) values (41, 'ggrunbaum14', 'Grunbaum');
insert into users (user_ID, username, password) values (42, 'krugg15', 'Rugg');
insert into users (user_ID, username, password) values (43, 'flavery16', 'Lavery');
insert into users (user_ID, username, password) values (44, 'glanigan17', 'Lanigan');
insert into users (user_ID, username, password) values (45, 'bbriat18', 'Briat');
insert into users (user_ID, username, password) values (46, 'astickels19', 'Stickels');
insert into users (user_ID, username, password) values (47, 'podulchonta1a', 'O''Dulchonta');
insert into users (user_ID, username, password) values (48, 'aadamovich1b', 'Adamovich');
insert into users (user_ID, username, password) values (49, 'okerss1c', 'Kerss');
insert into users (user_ID, username, password) values (50, 'mearie1d', 'Earie');
insert into users (user_ID, username, password) values (51, 'dwintringham1e', 'Wintringham');
insert into users (user_ID, username, password) values (52, 'qcosten1f', 'Costen');
insert into users (user_ID, username, password) values (53, 'akyneton1g', 'Kyneton');
insert into users (user_ID, username, password) values (54, 'bbertwistle1h', 'Bertwistle');
insert into users (user_ID, username, password) values (55, 'lklejna1i', 'Klejna');
insert into users (user_ID, username, password) values (56, 'koglassane1j', 'O''Glassane');
insert into users (user_ID, username, password) values (57, 'asagrott1k', 'Sagrott');
insert into users (user_ID, username, password) values (58, 'dbenois1l', 'Benois');
insert into users (user_ID, username, password) values (59, 'cgossington1m', 'Gossington');
insert into users (user_ID, username, password) values (60, 'mscarsbrook1n', 'Scarsbrook');
insert into users (user_ID, username, password) values (61, 'bkindleside1o', 'Kindleside');
insert into users (user_ID, username, password) values (62, 'cbuxcy1p', 'Buxcy');
insert into users (user_ID, username, password) values (63, 'isharper1q', 'Sharper');
insert into users (user_ID, username, password) values (64, 'rbiffen1r', 'Biffen');
insert into users (user_ID, username, password) values (65, 'cwhitford1s', 'Whitford');
insert into users (user_ID, username, password) values (66, 'kiacoboni1t', 'Iacoboni');
insert into users (user_ID, username, password) values (67, 'lglentworth1u', 'Glentworth');
insert into users (user_ID, username, password) values (68, 'rgosson1v', 'Gosson');
insert into users (user_ID, username, password) values (69, 'swilkins1w', 'Wilkins');
insert into users (user_ID, username, password) values (70, 'ssteckings1x', 'Steckings');
insert into users (user_ID, username, password) values (71, 'arippin1y', 'Rippin');
insert into users (user_ID, username, password) values (72, 'nlegrand1z', 'Legrand');
insert into users (user_ID, username, password) values (73, 'brubica20', 'Rubica');
insert into users (user_ID, username, password) values (74, 'jhabgood21', 'Habgood');
insert into users (user_ID, username, password) values (75, 'awallsam22', 'Wallsam');
insert into users (user_ID, username, password) values (76, 'lfosbraey23', 'Fosbraey');
insert into users (user_ID, username, password) values (77, 'pbecarra24', 'Becarra');
insert into users (user_ID, username, password) values (78, 'iscrivens25', 'Scrivens');
insert into users (user_ID, username, password) values (79, 'uhosier26', 'Hosier');
insert into users (user_ID, username, password) values (80, 'krentoll27', 'Rentoll');
insert into users (user_ID, username, password) values (81, 'cgiannazzi28', 'Giannazzi');
insert into users (user_ID, username, password) values (82, 'dgomar29', 'Gomar');
insert into users (user_ID, username, password) values (83, 'fhendrickx2a', 'Hendrickx');
insert into users (user_ID, username, password) values (84, 'fmaps2b', 'Maps');
insert into users (user_ID, username, password) values (85, 'cpenley2c', 'Penley');
insert into users (user_ID, username, password) values (86, 'dcrawshay2d', 'Crawshay');
insert into users (user_ID, username, password) values (87, 'ihurles2e', 'Hurles');
insert into users (user_ID, username, password) values (88, 'jgeorgeot2f', 'Georgeot');
insert into users (user_ID, username, password) values (89, 'ktaunton2g', 'Taunton');
insert into users (user_ID, username, password) values (90, 'pdevons2h', 'Devons');
insert into users (user_ID, username, password) values (91, 'ncaverhill2i', 'Caverhill');
insert into users (user_ID, username, password) values (92, 'svandevelde2j', 'Van de Velde');
insert into users (user_ID, username, password) values (93, 'cbaldacco2k', 'Baldacco');
insert into users (user_ID, username, password) values (94, 'gorkney2l', 'Orkney');
insert into users (user_ID, username, password) values (95, 'jwhitfield2m', 'Whitfield');
insert into users (user_ID, username, password) values (96, 'ecornewall2n', 'Cornewall');
insert into users (user_ID, username, password) values (97, 'avowdon2o', 'Vowdon');
insert into users (user_ID, username, password) values (98, 'amartelet2p', 'Martelet');
insert into users (user_ID, username, password) values (99, 'lduester2q', 'Duester');
insert into users (user_ID, username, password) values (100, 'lstickles2r', 'Stickles');
/*END user mock data*/

/*START room mock data*/
insert into rooms (room_id) values (1);
insert into rooms (room_id) values (2);
insert into rooms (room_id) values (3);
insert into rooms (room_id) values (4);
insert into rooms (room_id) values (5);
insert into rooms (room_id) values (6);
insert into rooms (room_id) values (7);
insert into rooms (room_id) values (8);
insert into rooms (room_id) values (9);
insert into rooms (room_id) values (10);
insert into rooms (room_id) values (11);
insert into rooms (room_id) values (12);
insert into rooms (room_id) values (13);
insert into rooms (room_id) values (14);
insert into rooms (room_id) values (15);
insert into rooms (room_id) values (16);
insert into rooms (room_id) values (17);
insert into rooms (room_id) values (18);
insert into rooms (room_id) values (19);
insert into rooms (room_id) values (20);
insert into rooms (room_id) values (21);
insert into rooms (room_id) values (22);
insert into rooms (room_id) values (23);
insert into rooms (room_id) values (24);
insert into rooms (room_id) values (25);
insert into rooms (room_id) values (26);
insert into rooms (room_id) values (27);
insert into rooms (room_id) values (28);
insert into rooms (room_id) values (29);
insert into rooms (room_id) values (30);
insert into rooms (room_id) values (31);
insert into rooms (room_id) values (32);
insert into rooms (room_id) values (33);
insert into rooms (room_id) values (34);
insert into rooms (room_id) values (35);
insert into rooms (room_id) values (36);
insert into rooms (room_id) values (37);
insert into rooms (room_id) values (38);
insert into rooms (room_id) values (39);
insert into rooms (room_id) values (40);
insert into rooms (room_id) values (41);
insert into rooms (room_id) values (42);
insert into rooms (room_id) values (43);
insert into rooms (room_id) values (44);
insert into rooms (room_id) values (45);
insert into rooms (room_id) values (46);
insert into rooms (room_id) values (47);
insert into rooms (room_id) values (48);
insert into rooms (room_id) values (49);
insert into rooms (room_id) values (50);
insert into rooms (room_id) values (51);
insert into rooms (room_id) values (52);
insert into rooms (room_id) values (53);
insert into rooms (room_id) values (54);
insert into rooms (room_id) values (55);
insert into rooms (room_id) values (56);
insert into rooms (room_id) values (57);
insert into rooms (room_id) values (58);
insert into rooms (room_id) values (59);
insert into rooms (room_id) values (60);
insert into rooms (room_id) values (61);
insert into rooms (room_id) values (62);
insert into rooms (room_id) values (63);
insert into rooms (room_id) values (64);
insert into rooms (room_id) values (65);
insert into rooms (room_id) values (66);
insert into rooms (room_id) values (67);
insert into rooms (room_id) values (68);
insert into rooms (room_id) values (69);
insert into rooms (room_id) values (70);
insert into rooms (room_id) values (71);
insert into rooms (room_id) values (72);
insert into rooms (room_id) values (73);
insert into rooms (room_id) values (74);
insert into rooms (room_id) values (75);
insert into rooms (room_id) values (76);
insert into rooms (room_id) values (77);
insert into rooms (room_id) values (78);
insert into rooms (room_id) values (79);
insert into rooms (room_id) values (80);
insert into rooms (room_id) values (81);
insert into rooms (room_id) values (82);
insert into rooms (room_id) values (83);
insert into rooms (room_id) values (84);
insert into rooms (room_id) values (85);
insert into rooms (room_id) values (86);
insert into rooms (room_id) values (87);
insert into rooms (room_id) values (88);
insert into rooms (room_id) values (89);
insert into rooms (room_id) values (90);
insert into rooms (room_id) values (91);
insert into rooms (room_id) values (92);
insert into rooms (room_id) values (93);
insert into rooms (room_id) values (94);
insert into rooms (room_id) values (95);
insert into rooms (room_id) values (96);
insert into rooms (room_id) values (97);
insert into rooms (room_id) values (98);
insert into rooms (room_id) values (99);
insert into rooms (room_id) values (100);

/**END room mock data**/

/**START climate zones mock data FK_Room > 0 FK_Room <= 10 **/
insert into climate_zones (climate_zone_ID, FK_Room) values (1, 7);
insert into climate_zones (climate_zone_ID, FK_Room) values (2, 5);
insert into climate_zones (climate_zone_ID, FK_Room) values (3, 6);
insert into climate_zones (climate_zone_ID, FK_Room) values (4, 9);
insert into climate_zones (climate_zone_ID, FK_Room) values (5, 9);
insert into climate_zones (climate_zone_ID, FK_Room) values (6, 6);
insert into climate_zones (climate_zone_ID, FK_Room) values (7, 9);
insert into climate_zones (climate_zone_ID, FK_Room) values (8, 5);
insert into climate_zones (climate_zone_ID, FK_Room) values (9, 7);
insert into climate_zones (climate_zone_ID, FK_Room) values (10, 3);
insert into climate_zones (climate_zone_ID, FK_Room) values (11, 7);
insert into climate_zones (climate_zone_ID, FK_Room) values (12, 5);
insert into climate_zones (climate_zone_ID, FK_Room) values (13, 4);
insert into climate_zones (climate_zone_ID, FK_Room) values (14, 9);
insert into climate_zones (climate_zone_ID, FK_Room) values (15, 2);
insert into climate_zones (climate_zone_ID, FK_Room) values (16, 1);
insert into climate_zones (climate_zone_ID, FK_Room) values (17, 10);
insert into climate_zones (climate_zone_ID, FK_Room) values (18, 7);
insert into climate_zones (climate_zone_ID, FK_Room) values (19, 3);
insert into climate_zones (climate_zone_ID, FK_Room) values (20, 10);
insert into climate_zones (climate_zone_ID, FK_Room) values (21, 2);
insert into climate_zones (climate_zone_ID, FK_Room) values (22, 6);
insert into climate_zones (climate_zone_ID, FK_Room) values (23, 1);
insert into climate_zones (climate_zone_ID, FK_Room) values (24, 8);
insert into climate_zones (climate_zone_ID, FK_Room) values (25, 1);
insert into climate_zones (climate_zone_ID, FK_Room) values (26, 10);
insert into climate_zones (climate_zone_ID, FK_Room) values (27, 7);
insert into climate_zones (climate_zone_ID, FK_Room) values (28, 6);
insert into climate_zones (climate_zone_ID, FK_Room) values (29, 8);
insert into climate_zones (climate_zone_ID, FK_Room) values (30, 9);
insert into climate_zones (climate_zone_ID, FK_Room) values (31, 8);
insert into climate_zones (climate_zone_ID, FK_Room) values (32, 3);
insert into climate_zones (climate_zone_ID, FK_Room) values (33, 9);
insert into climate_zones (climate_zone_ID, FK_Room) values (34, 5);
insert into climate_zones (climate_zone_ID, FK_Room) values (35, 10);
insert into climate_zones (climate_zone_ID, FK_Room) values (36, 1);
insert into climate_zones (climate_zone_ID, FK_Room) values (37, 7);
insert into climate_zones (climate_zone_ID, FK_Room) values (38, 7);
insert into climate_zones (climate_zone_ID, FK_Room) values (39, 6);
insert into climate_zones (climate_zone_ID, FK_Room) values (40, 4);
insert into climate_zones (climate_zone_ID, FK_Room) values (41, 4);
insert into climate_zones (climate_zone_ID, FK_Room) values (42, 5);
insert into climate_zones (climate_zone_ID, FK_Room) values (43, 5);
insert into climate_zones (climate_zone_ID, FK_Room) values (44, 4);
insert into climate_zones (climate_zone_ID, FK_Room) values (45, 7);
insert into climate_zones (climate_zone_ID, FK_Room) values (46, 6);
insert into climate_zones (climate_zone_ID, FK_Room) values (47, 9);
insert into climate_zones (climate_zone_ID, FK_Room) values (48, 1);
insert into climate_zones (climate_zone_ID, FK_Room) values (49, 10);
insert into climate_zones (climate_zone_ID, FK_Room) values (50, 4);
insert into climate_zones (climate_zone_ID, FK_Room) values (51, 1);
insert into climate_zones (climate_zone_ID, FK_Room) values (52, 7);
insert into climate_zones (climate_zone_ID, FK_Room) values (53, 5);
insert into climate_zones (climate_zone_ID, FK_Room) values (54, 8);
insert into climate_zones (climate_zone_ID, FK_Room) values (55, 6);
insert into climate_zones (climate_zone_ID, FK_Room) values (56, 2);
insert into climate_zones (climate_zone_ID, FK_Room) values (57, 7);
insert into climate_zones (climate_zone_ID, FK_Room) values (58, 4);
insert into climate_zones (climate_zone_ID, FK_Room) values (59, 1);
insert into climate_zones (climate_zone_ID, FK_Room) values (60, 9);
insert into climate_zones (climate_zone_ID, FK_Room) values (61, 6);
insert into climate_zones (climate_zone_ID, FK_Room) values (62, 2);
insert into climate_zones (climate_zone_ID, FK_Room) values (63, 8);
insert into climate_zones (climate_zone_ID, FK_Room) values (64, 5);
insert into climate_zones (climate_zone_ID, FK_Room) values (65, 6);
insert into climate_zones (climate_zone_ID, FK_Room) values (66, 10);
insert into climate_zones (climate_zone_ID, FK_Room) values (67, 8);
insert into climate_zones (climate_zone_ID, FK_Room) values (68, 8);
insert into climate_zones (climate_zone_ID, FK_Room) values (69, 7);
insert into climate_zones (climate_zone_ID, FK_Room) values (70, 6);
insert into climate_zones (climate_zone_ID, FK_Room) values (71, 2);
insert into climate_zones (climate_zone_ID, FK_Room) values (72, 8);
insert into climate_zones (climate_zone_ID, FK_Room) values (73, 4);
insert into climate_zones (climate_zone_ID, FK_Room) values (74, 4);
insert into climate_zones (climate_zone_ID, FK_Room) values (75, 8);
insert into climate_zones (climate_zone_ID, FK_Room) values (76, 3);
insert into climate_zones (climate_zone_ID, FK_Room) values (77, 6);
insert into climate_zones (climate_zone_ID, FK_Room) values (78, 5);
insert into climate_zones (climate_zone_ID, FK_Room) values (79, 5);
insert into climate_zones (climate_zone_ID, FK_Room) values (80, 9);
insert into climate_zones (climate_zone_ID, FK_Room) values (81, 4);
insert into climate_zones (climate_zone_ID, FK_Room) values (82, 2);
insert into climate_zones (climate_zone_ID, FK_Room) values (83, 10);
insert into climate_zones (climate_zone_ID, FK_Room) values (84, 3);
insert into climate_zones (climate_zone_ID, FK_Room) values (85, 2);
insert into climate_zones (climate_zone_ID, FK_Room) values (86, 9);
insert into climate_zones (climate_zone_ID, FK_Room) values (87, 5);
insert into climate_zones (climate_zone_ID, FK_Room) values (88, 1);
insert into climate_zones (climate_zone_ID, FK_Room) values (89, 1);
insert into climate_zones (climate_zone_ID, FK_Room) values (90, 8);
insert into climate_zones (climate_zone_ID, FK_Room) values (91, 5);
insert into climate_zones (climate_zone_ID, FK_Room) values (92, 6);
insert into climate_zones (climate_zone_ID, FK_Room) values (93, 3);
insert into climate_zones (climate_zone_ID, FK_Room) values (94, 9);
insert into climate_zones (climate_zone_ID, FK_Room) values (95, 4);
insert into climate_zones (climate_zone_ID, FK_Room) values (96, 6);
insert into climate_zones (climate_zone_ID, FK_Room) values (97, 1);
insert into climate_zones (climate_zone_ID, FK_Room) values (98, 6);
insert into climate_zones (climate_zone_ID, FK_Room) values (99, 6);
insert into climate_zones (climate_zone_ID, FK_Room) values (100, 8);

/**END climate zones mock data FK_Room > 0 FK_Room <= 10 **/

/**START preset mock data FK_Room > 0 FK_Room <= 10 && FK_User > 0 FK_User <= 10**/

insert into presets (preset_ID, airflow, FK_Climate_Zone, FK_User) values (1, 6, 6, 1);
insert into presets (preset_ID, airflow, FK_Climate_Zone, FK_User) values (2, 4, 1, 3);
insert into presets (preset_ID, airflow, FK_Climate_Zone, FK_User) values (3, 2, 2, 4);
insert into presets (preset_ID, airflow, FK_Climate_Zone, FK_User) values (4, 2, 9, 3);
insert into presets (preset_ID, airflow, FK_Climate_Zone, FK_User) values (5, 9, 5, 4);
insert into presets (preset_ID, airflow, FK_Climate_Zone, FK_User) values (6, 8, 4, 1);
insert into presets (preset_ID, airflow, FK_Climate_Zone, FK_User) values (7, 3, 7, 10);
insert into presets (preset_ID, airflow, FK_Climate_Zone, FK_User) values (8, 7, 1, 6);
insert into presets (preset_ID, airflow, FK_Climate_Zone, FK_User) values (9, 6, 1, 2);
insert into presets (preset_ID, airflow, FK_Climate_Zone, FK_User) values (10, 4, 5, 9);
insert into presets (preset_ID, airflow, FK_Climate_Zone, FK_User) values (11, 6, 5, 3);
insert into presets (preset_ID, airflow, FK_Climate_Zone, FK_User) values (12, 8, 9, 8);
insert into presets (preset_ID, airflow, FK_Climate_Zone, FK_User) values (13, 2, 10, 9);
insert into presets (preset_ID, airflow, FK_Climate_Zone, FK_User) values (14, 5, 2, 1);
insert into presets (preset_ID, airflow, FK_Climate_Zone, FK_User) values (15, 5, 1, 6);
insert into presets (preset_ID, airflow, FK_Climate_Zone, FK_User) values (16, 5, 5, 7);
insert into presets (preset_ID, airflow, FK_Climate_Zone, FK_User) values (17, 10, 2, 4);
insert into presets (preset_ID, airflow, FK_Climate_Zone, FK_User) values (18, 9, 10, 10);
insert into presets (preset_ID, airflow, FK_Climate_Zone, FK_User) values (19, 3, 7, 6);
insert into presets (preset_ID, airflow, FK_Climate_Zone, FK_User) values (20, 1, 7, 8);
insert into presets (preset_ID, airflow, FK_Climate_Zone, FK_User) values (21, 9, 9, 2);
insert into presets (preset_ID, airflow, FK_Climate_Zone, FK_User) values (22, 3, 5, 9);
insert into presets (preset_ID, airflow, FK_Climate_Zone, FK_User) values (23, 8, 10, 1);
insert into presets (preset_ID, airflow, FK_Climate_Zone, FK_User) values (24, 5, 4, 6);
insert into presets (preset_ID, airflow, FK_Climate_Zone, FK_User) values (25, 2, 3, 7);
insert into presets (preset_ID, airflow, FK_Climate_Zone, FK_User) values (26, 10, 5, 3);
insert into presets (preset_ID, airflow, FK_Climate_Zone, FK_User) values (27, 6, 4, 5);
insert into presets (preset_ID, airflow, FK_Climate_Zone, FK_User) values (28, 7, 9, 4);
insert into presets (preset_ID, airflow, FK_Climate_Zone, FK_User) values (29, 9, 7, 3);
insert into presets (preset_ID, airflow, FK_Climate_Zone, FK_User) values (30, 10, 6, 6);
insert into presets (preset_ID, airflow, FK_Climate_Zone, FK_User) values (31, 8, 3, 8);
insert into presets (preset_ID, airflow, FK_Climate_Zone, FK_User) values (32, 2, 7, 3);
insert into presets (preset_ID, airflow, FK_Climate_Zone, FK_User) values (33, 1, 10, 1);
insert into presets (preset_ID, airflow, FK_Climate_Zone, FK_User) values (34, 10, 6, 7);
insert into presets (preset_ID, airflow, FK_Climate_Zone, FK_User) values (35, 6, 3, 7);
insert into presets (preset_ID, airflow, FK_Climate_Zone, FK_User) values (36, 10, 2, 9);
insert into presets (preset_ID, airflow, FK_Climate_Zone, FK_User) values (37, 6, 1, 6);
insert into presets (preset_ID, airflow, FK_Climate_Zone, FK_User) values (38, 8, 7, 8);
insert into presets (preset_ID, airflow, FK_Climate_Zone, FK_User) values (39, 4, 6, 7);
insert into presets (preset_ID, airflow, FK_Climate_Zone, FK_User) values (40, 10, 9, 4);
insert into presets (preset_ID, airflow, FK_Climate_Zone, FK_User) values (41, 4, 1, 7);
insert into presets (preset_ID, airflow, FK_Climate_Zone, FK_User) values (42, 1, 8, 1);
insert into presets (preset_ID, airflow, FK_Climate_Zone, FK_User) values (43, 10, 4, 2);
insert into presets (preset_ID, airflow, FK_Climate_Zone, FK_User) values (44, 7, 10, 2);
insert into presets (preset_ID, airflow, FK_Climate_Zone, FK_User) values (45, 1, 3, 2);
insert into presets (preset_ID, airflow, FK_Climate_Zone, FK_User) values (46, 9, 3, 2);
insert into presets (preset_ID, airflow, FK_Climate_Zone, FK_User) values (47, 1, 4, 2);
insert into presets (preset_ID, airflow, FK_Climate_Zone, FK_User) values (48, 4, 4, 5);
insert into presets (preset_ID, airflow, FK_Climate_Zone, FK_User) values (49, 10, 4, 8);
insert into presets (preset_ID, airflow, FK_Climate_Zone, FK_User) values (50, 6, 5, 2);
insert into presets (preset_ID, airflow, FK_Climate_Zone, FK_User) values (51, 4, 6, 7);
insert into presets (preset_ID, airflow, FK_Climate_Zone, FK_User) values (52, 4, 4, 2);
insert into presets (preset_ID, airflow, FK_Climate_Zone, FK_User) values (53, 7, 8, 7);
insert into presets (preset_ID, airflow, FK_Climate_Zone, FK_User) values (54, 8, 4, 3);
insert into presets (preset_ID, airflow, FK_Climate_Zone, FK_User) values (55, 1, 3, 9);
insert into presets (preset_ID, airflow, FK_Climate_Zone, FK_User) values (56, 1, 8, 2);
insert into presets (preset_ID, airflow, FK_Climate_Zone, FK_User) values (57, 10, 2, 9);
insert into presets (preset_ID, airflow, FK_Climate_Zone, FK_User) values (58, 6, 10, 7);
insert into presets (preset_ID, airflow, FK_Climate_Zone, FK_User) values (59, 2, 7, 6);
insert into presets (preset_ID, airflow, FK_Climate_Zone, FK_User) values (60, 8, 1, 6);
insert into presets (preset_ID, airflow, FK_Climate_Zone, FK_User) values (61, 7, 9, 7);
insert into presets (preset_ID, airflow, FK_Climate_Zone, FK_User) values (62, 1, 6, 5);
insert into presets (preset_ID, airflow, FK_Climate_Zone, FK_User) values (63, 2, 8, 5);
insert into presets (preset_ID, airflow, FK_Climate_Zone, FK_User) values (64, 8, 4, 7);
insert into presets (preset_ID, airflow, FK_Climate_Zone, FK_User) values (65, 2, 1, 3);
insert into presets (preset_ID, airflow, FK_Climate_Zone, FK_User) values (66, 2, 5, 7);
insert into presets (preset_ID, airflow, FK_Climate_Zone, FK_User) values (67, 10, 8, 3);
insert into presets (preset_ID, airflow, FK_Climate_Zone, FK_User) values (68, 2, 1, 5);
insert into presets (preset_ID, airflow, FK_Climate_Zone, FK_User) values (69, 3, 10, 4);
insert into presets (preset_ID, airflow, FK_Climate_Zone, FK_User) values (70, 5, 10, 10);
insert into presets (preset_ID, airflow, FK_Climate_Zone, FK_User) values (71, 8, 4, 1);
insert into presets (preset_ID, airflow, FK_Climate_Zone, FK_User) values (72, 2, 6, 8);
insert into presets (preset_ID, airflow, FK_Climate_Zone, FK_User) values (73, 5, 4, 1);
insert into presets (preset_ID, airflow, FK_Climate_Zone, FK_User) values (74, 7, 4, 5);
insert into presets (preset_ID, airflow, FK_Climate_Zone, FK_User) values (75, 6, 1, 4);
insert into presets (preset_ID, airflow, FK_Climate_Zone, FK_User) values (76, 9, 4, 1);
insert into presets (preset_ID, airflow, FK_Climate_Zone, FK_User) values (77, 2, 2, 6);
insert into presets (preset_ID, airflow, FK_Climate_Zone, FK_User) values (78, 3, 4, 8);
insert into presets (preset_ID, airflow, FK_Climate_Zone, FK_User) values (79, 1, 2, 10);
insert into presets (preset_ID, airflow, FK_Climate_Zone, FK_User) values (80, 3, 9, 6);
insert into presets (preset_ID, airflow, FK_Climate_Zone, FK_User) values (81, 4, 6, 10);
insert into presets (preset_ID, airflow, FK_Climate_Zone, FK_User) values (82, 9, 5, 10);
insert into presets (preset_ID, airflow, FK_Climate_Zone, FK_User) values (83, 10, 2, 7);
insert into presets (preset_ID, airflow, FK_Climate_Zone, FK_User) values (84, 3, 8, 2);
insert into presets (preset_ID, airflow, FK_Climate_Zone, FK_User) values (85, 1, 6, 2);
insert into presets (preset_ID, airflow, FK_Climate_Zone, FK_User) values (86, 2, 5, 4);
insert into presets (preset_ID, airflow, FK_Climate_Zone, FK_User) values (87, 7, 2, 10);
insert into presets (preset_ID, airflow, FK_Climate_Zone, FK_User) values (88, 7, 8, 5);
insert into presets (preset_ID, airflow, FK_Climate_Zone, FK_User) values (89, 9, 10, 5);
insert into presets (preset_ID, airflow, FK_Climate_Zone, FK_User) values (90, 4, 9, 8);
insert into presets (preset_ID, airflow, FK_Climate_Zone, FK_User) values (91, 10, 10, 6);
insert into presets (preset_ID, airflow, FK_Climate_Zone, FK_User) values (92, 8, 10, 4);
insert into presets (preset_ID, airflow, FK_Climate_Zone, FK_User) values (93, 4, 4, 2);
insert into presets (preset_ID, airflow, FK_Climate_Zone, FK_User) values (94, 5, 4, 8);
insert into presets (preset_ID, airflow, FK_Climate_Zone, FK_User) values (95, 2, 6, 7);
insert into presets (preset_ID, airflow, FK_Climate_Zone, FK_User) values (96, 6, 4, 7);
insert into presets (preset_ID, airflow, FK_Climate_Zone, FK_User) values (97, 2, 8, 10);
insert into presets (preset_ID, airflow, FK_Climate_Zone, FK_User) values (98, 8, 2, 6);
insert into presets (preset_ID, airflow, FK_Climate_Zone, FK_User) values (99, 7, 6, 3);
insert into presets (preset_ID, airflow, FK_Climate_Zone, FK_User) values (100, 1, 6, 10);

/**END  preset mock data FK_Room > 0 FK_Room <= 10 && FK_User > 0 FK_User <= 10**/